SNP,Classification,Clasificacion_AD,Prediction_Other,Tipo,Col
rs61754065,AD,0.558831989765167,0.441168010234833,SNPs_EO_EA,#53C61A
rs3858733,AD,0.690580368041992,0.309419631958008,SNPs_EO_EA,#53C61A
rs2853563,AD,0.690580368041992,0.309419631958008,SNPs_EO_EA,#53C61A
rs11574138,AD,0.779299676418304,0.220700323581696,SNPs_EO_EA,#53C61A
rs2229828,AD,0.779299676418304,0.220700323581696,SNPs_EO_EA,#53C61A
rs11574119,AD,0.690580368041992,0.309419631958008,SNPs_EO_EA,#53C61A
rs7954412,AD,0.779299676418304,0.220700323581696,SNPs_EO_EA,#53C61A
rs2544043,Other,0.432396769523621,0.567603230476379,SNPs_EO_EA,#53C61A
rs112308011,AD,0.779299676418304,0.220700323581696,SNPs_EO_EA,#53C61A
rs731236,Other,0.225539699196815,0.774460300803185,SNPs_EO_EA,#53C61A
rs11832059,AD,0.779299676418304,0.220700323581696,SNPs_EO_EA,#53C61A
rs2228572,AD,0.690580368041992,0.309419631958008,SNPs_EO_EA,#53C61A
rs11168263,AD,0.779299676418304,0.220700323581696,SNPs_EO_EA,#53C61A
rs3847987,Other,0.345673710107803,0.654326289892197,SNPs_EO_EA,#53C61A
rs11168293,Other,0.261908918619156,0.738091081380844,SNPs_EO_EA,#53C61A
rs2853562,Other,0.22853884100914,0.77146115899086,SNPs_EO_EA,#53C61A
rs11574118,AD,0.779299676418304,0.220700323581696,SNPs_EO_EA,#53C61A
rs11574139,AD,0.690580368041992,0.309419631958008,SNPs_EO_EA,#53C61A
rs10783218,AD,0.632377982139587,0.367622017860413,SNPs_EO_EA,#53C61A
rs11574129,AD,0.773274004459381,0.226725995540619,SNPs_EO_EA,#53C61A
rs115591719,AD,0.779299676418304,0.220700323581696,SNPs_EO_EA,#53C61A
rs7967673,AD,0.779299676418304,0.220700323581696,SNPs_EO_EA,#53C61A
rs2229829,AD,0.620373070240021,0.379626929759979,SNPs_EO_EA,#53C61A
rs6218,AD,0.614445090293884,0.385554909706116,SNPs_EO_EA,#53C61A
rs6220,Other,0.338126838207245,0.661873161792755,SNPs_EO_EA,#53C61A
rs6215,AD,0.522440969944,0.477559030056,SNPs_EO_EA,#53C61A
rs58690284,AD,0.702719509601593,0.297280490398407,SNPs_EO_EA,#53C61A
rs3730193,AD,0.702719509601593,0.297280490398407,SNPs_EO_EA,#53C61A
rs546755830,AD,0.522440969944,0.477559030056,SNPs_EO_EA,#53C61A
rs6222,AD,0.599054217338562,0.400945782661438,SNPs_EO_EA,#53C61A
rs5742707,AD,0.522440969944,0.477559030056,SNPs_EO_EA,#53C61A
rs3730192,AD,0.599054217338562,0.400945782661438,SNPs_EO_EA,#53C61A
rs5742711,AD,0.522440969944,0.477559030056,SNPs_EO_EA,#53C61A
rs5742704,AD,0.599054217338562,0.400945782661438,SNPs_EO_EA,#53C61A
rs70961704,AD,0.535222589969635,0.464777410030365,SNPs_EO_EA,#53C61A
rs6217,AD,0.614445090293884,0.385554909706116,SNPs_EO_EA,#53C61A
rs3729846,AD,0.522440969944,0.477559030056,SNPs_EO_EA,#53C61A
rs5742703,Other,0.346546202898026,0.653453797101974,SNPs_EO_EA,#53C61A
rs3032449,Other,0.261262118816376,0.738737881183624,SNPs_EO_EA,#53C61A
rs149540080,Other,0.346546202898026,0.653453797101974,SNPs_EO_EA,#53C61A
rs5742708,Other,0.346546202898026,0.653453797101974,SNPs_EO_EA,#53C61A
rs6219,AD,0.500288903713226,0.499711096286774,SNPs_EO_EA,#53C61A
rs17884961,Other,0.346546202898026,0.653453797101974,SNPs_EO_EA,#53C61A
rs5742705,AD,0.599054217338562,0.400945782661438,SNPs_EO_EA,#53C61A
rs3730205,AD,0.522440969944,0.477559030056,SNPs_EO_EA,#53C61A
rs117058953,AD,0.599054217338562,0.400945782661438,SNPs_EO_EA,#53C61A
rs55650342,AD,0.599054217338562,0.400945782661438,SNPs_EO_EA,#53C61A
rs553956843,Other,0.346546202898026,0.653453797101974,SNPs_EO_EA,#53C61A
rs3730204,AD,0.535222589969635,0.464777410030365,SNPs_EO_EA,#53C61A
rs5742714,AD,0.500288903713226,0.499711096286774,SNPs_EO_EA,#53C61A
rs70961706,AD,0.522440969944,0.477559030056,SNPs_EO_EA,#53C61A
rs1140655,Other,0.252429306507111,0.747570693492889,SNPs_EO_EA,#53C61A
rs17884626,AD,0.522440969944,0.477559030056,SNPs_EO_EA,#53C61A
rs544965448,Other,0.346546202898026,0.653453797101974,SNPs_EO_EA,#53C61A
rs5742701,Other,0.346546202898026,0.653453797101974,SNPs_EO_EA,#53C61A
rs565327837,AD,0.522440969944,0.477559030056,SNPs_EO_EA,#53C61A
rs6221,AD,0.702719509601593,0.297280490398407,SNPs_EO_EA,#53C61A
rs34594498,Other,0.422223269939423,0.577776730060577,SNPs_EO_EA,#53C61A
rs12422278,Other,0.304411202669144,0.695588797330856,SNPs_EO_EA,#53C61A
rs7955902,Other,0.084611319005489,0.915388680994511,SNPs_EO_EA,#53C61A
rs560559629,Other,0.261587649583817,0.738412350416183,SNPs_EO_EA,#53C61A
rs33962975,Other,0.157649457454681,0.842350542545319,SNPs_EO_EA,#53C61A
rs2256408,AD,0.612255871295929,0.387744128704071,SNPs_EO_EA,#53C61A
rs17490713,Other,0.422223269939423,0.577776730060577,SNPs_EO_EA,#53C61A
rs41286460,Other,0.261587649583817,0.738412350416183,SNPs_EO_EA,#53C61A
rs10784548,Other,0.121600650250912,0.878399349749088,SNPs_EO_EA,#53C61A
rs10878245,Other,0.211296707391739,0.788703292608261,SNPs_EO_EA,#53C61A
rs10878307,Other,0.434785276651382,0.565214723348618,SNPs_EO_EA,#53C61A
rs189460764,Other,0.422223269939423,0.577776730060577,SNPs_EO_EA,#53C61A
rs111503579,Other,0.422223269939423,0.577776730060577,SNPs_EO_EA,#53C61A
rs33958906,Other,0.499512195587158,0.500487804412842,SNPs_EO_EA,#53C61A
rs76890302,Other,0.422223269939423,0.577776730060577,SNPs_EO_EA,#53C61A
rs72546319,Other,0.422223269939423,0.577776730060577,SNPs_EO_EA,#53C61A
rs75054132,Other,0.422223269939423,0.577776730060577,SNPs_EO_EA,#53C61A
rs79909111,Other,0.422223269939423,0.577776730060577,SNPs_EO_EA,#53C61A
rs66737902,Other,0.304411202669144,0.695588797330856,SNPs_EO_EA,#53C61A
rs34410987,Other,0.422223269939423,0.577776730060577,SNPs_EO_EA,#53C61A
rs77018758,Other,0.422223269939423,0.577776730060577,SNPs_EO_EA,#53C61A
rs56082834,Other,0.422223269939423,0.577776730060577,SNPs_EO_EA,#53C61A
rs112643657,AD,0.612255871295929,0.387744128704071,SNPs_EO_EA,#53C61A
rs7966550,Other,0.22239476442337,0.77760523557663,SNPs_EO_EA,#53C61A
rs7135747,Other,0.422223269939423,0.577776730060577,SNPs_EO_EA,#53C61A
rs11176013,Other,0.286373287439346,0.713626712560654,SNPs_EO_EA,#53C61A
rs4640000,Other,0.422223269939423,0.577776730060577,SNPs_EO_EA,#53C61A
rs138264225,Other,0.422223269939423,0.577776730060577,SNPs_EO_EA,#53C61A
rs138780308,Other,0.422223269939423,0.577776730060577,SNPs_EO_EA,#53C61A
rs575429866,Other,0.422223269939423,0.577776730060577,SNPs_EO_EA,#53C61A
rs11564148,Other,0.17684617638588,0.82315382361412,SNPs_EO_EA,#53C61A
rs10878371,Other,0.286373287439346,0.713626712560654,SNPs_EO_EA,#53C61A
rs73277568,Other,0.422223269939423,0.577776730060577,SNPs_EO_EA,#53C61A
rs182229935,Other,0.422223269939423,0.577776730060577,SNPs_EO_EA,#53C61A
rs7308720,Other,0.157649457454681,0.842350542545319,SNPs_EO_EA,#53C61A
rs17491835,AD,0.612255871295929,0.387744128704071,SNPs_EO_EA,#53C61A
rs78365431,AD,0.612255871295929,0.387744128704071,SNPs_EO_EA,#53C61A
rs41286466,Other,0.261587649583817,0.738412350416183,SNPs_EO_EA,#53C61A
rs17491828,AD,0.612255871295929,0.387744128704071,SNPs_EO_EA,#53C61A
rs33995883,Other,0.499512195587158,0.500487804412842,SNPs_EO_EA,#53C61A
rs200410756,Other,0.422223269939423,0.577776730060577,SNPs_EO_EA,#53C61A
rs114948984,AD,0.612255871295929,0.387744128704071,SNPs_EO_EA,#53C61A
rs150050676,Other,0.422223269939423,0.577776730060577,SNPs_EO_EA,#53C61A
rs1365770,Other,0.121600650250912,0.878399349749088,SNPs_EO_EA,#53C61A
rs7133914,Other,0.157649457454681,0.842350542545319,SNPs_EO_EA,#53C61A
rs3886747,Other,0.121600650250912,0.878399349749088,SNPs_EO_EA,#53C61A
rs35507033,Other,0.422223269939423,0.577776730060577,SNPs_EO_EA,#53C61A
rs200829235,Other,0.304411202669144,0.695588797330856,SNPs_EO_EA,#53C61A
rs147956597,Other,0.422223269939423,0.577776730060577,SNPs_EO_EA,#53C61A
rs1427263,Other,0.092870399355888,0.907129600644112,SNPs_EO_EA,#53C61A
rs200678400,Other,0.261587649583817,0.738412350416183,SNPs_EO_EA,#53C61A
rs577327683,Other,0.422223269939423,0.577776730060577,SNPs_EO_EA,#53C61A
rs17466213,Other,0.261587649583817,0.738412350416183,SNPs_EO_EA,#53C61A
rs11175964,Other,0.157649457454681,0.842350542545319,SNPs_EO_EA,#53C61A
rs74681492,Other,0.422223269939423,0.577776730060577,SNPs_EO_EA,#53C61A
rs142051987,Other,0.422223269939423,0.577776730060577,SNPs_EO_EA,#53C61A
rs35303786,AD,0.612255871295929,0.387744128704071,SNPs_EO_EA,#53C61A
rs17520676,AD,0.612255871295929,0.387744128704071,SNPs_EO_EA,#53C61A
rs113735323,Other,0.422223269939423,0.577776730060577,SNPs_EO_EA,#53C61A
rs202205832,Other,0.261587649583817,0.738412350416183,SNPs_EO_EA,#53C61A
rs146103273,AD,0.612255871295929,0.387744128704071,SNPs_EO_EA,#53C61A
rs550610903,Other,0.422223269939423,0.577776730060577,SNPs_EO_EA,#53C61A
rs10878405,Other,0.17684617638588,0.82315382361412,SNPs_EO_EA,#53C61A
rs72546327,Other,0.422223269939423,0.577776730060577,SNPs_EO_EA,#53C61A
rs150062967,Other,0.261587649583817,0.738412350416183,SNPs_EO_EA,#53C61A
rs150964683,Other,0.422223269939423,0.577776730060577,SNPs_EO_EA,#53C61A
rs1042031,Other,0.102849945425987,0.897150054574013,SNPs_EO_EA,#53C61A
rs1042522,Other,0.222424283623695,0.777575716376305,SNPs_EO_EA,#53C61A
rs1049654,Other,0.458938747644424,0.541061252355576,SNPs_EO_EA,#53C61A
rs1049673,AD,0.590331494808197,0.409668505191803,SNPs_EO_EA,#53C61A
rs1059611,AD,0.740527093410492,0.259472906589508,SNPs_EO_EA,#53C61A
rs1061147,Other,0.095691487193108,0.904308512806892,SNPs_EO_EA,#53C61A
rs1061170,Other,0.053924549371004,0.946075450628996,SNPs_EO_EA,#53C61A
rs10645926,AD,0.740527093410492,0.259472906589508,SNPs_EO_EA,#53C61A
rs1065489,Other,0.180415287613869,0.819584712386131,SNPs_EO_EA,#53C61A
rs113203253,AD,0.515947639942169,0.484052360057831,SNPs_EO_EA,#53C61A
rs118204057,AD,0.843202769756317,0.156797230243683,SNPs_EO_EA,#53C61A
rs119468010,Other,0.340679466724396,0.659320533275604,SNPs_EO_EA,#53C61A
rs13306206,AD,0.739415764808655,0.260584235191345,SNPs_EO_EA,#53C61A
rs13702,Other,0.291471004486084,0.708528995513916,SNPs_EO_EA,#53C61A
rs138326449,AD,0.609658062458038,0.390341937541962,SNPs_EO_EA,#53C61A
rs1410996,Other,0.087720148265362,0.912279851734638,SNPs_EO_EA,#53C61A
rs1471786,Other,0.285636901855469,0.714363098144531,SNPs_EO_EA,#53C61A
rs147210663,AD,0.771417558193207,0.228582441806793,SNPs_EO_EA,#53C61A
rs149133270,AD,0.515947639942169,0.484052360057831,SNPs_EO_EA,#53C61A
rs15285,Other,0.291471004486084,0.708528995513916,SNPs_EO_EA,#53C61A
rs1625895,Other,0.186684146523476,0.813315853476524,SNPs_EO_EA,#53C61A
rs16942,Other,0.134707093238831,0.865292906761169,SNPs_EO_EA,#53C61A
rs17563,Other,0.345673710107803,0.654326289892197,SNPs_EO_EA,#53C61A
rs1799807,Other,0.37013578414917,0.62986421585083,SNPs_EO_EA,#53C61A
rs1799945,Other,0.159445106983185,0.840554893016815,SNPs_EO_EA,#53C61A
rs1799949,Other,0.134707093238831,0.865292906761169,SNPs_EO_EA,#53C61A
rs1799990,Other,0.186944395303726,0.813055604696274,SNPs_EO_EA,#53C61A
rs1800562,AD,0.749264419078827,0.250735580921173,SNPs_EO_EA,#53C61A
rs1800566,Other,0.307719677686691,0.692280322313309,SNPs_EO_EA,#53C61A
rs1800629,Other,0.399798601865768,0.600201398134232,SNPs_EO_EA,#53C61A
rs1800693,Other,0.09397891163826,0.90602108836174,SNPs_EO_EA,#53C61A
rs1800730,AD,0.749264419078827,0.250735580921173,SNPs_EO_EA,#53C61A
rs1801177,AD,0.920759499073029,0.079240500926971,SNPs_EO_EA,#53C61A
rs1801282,AD,0.567157983779907,0.432842016220093,SNPs_EO_EA,#53C61A
rs1803274,Other,0.214437276124954,0.785562723875046,SNPs_EO_EA,#53C61A
rs1803924,AD,0.740527093410492,0.259472906589508,SNPs_EO_EA,#53C61A
rs1805017,Other,0.380019843578339,0.619980156421661,SNPs_EO_EA,#53C61A
rs183117027,AD,0.739415764808655,0.260584235191345,SNPs_EO_EA,#53C61A
rs1997572,Other,0.335510015487671,0.664489984512329,SNPs_EO_EA,#53C61A
rs201753350,Other,0.472644329071045,0.527355670928955,SNPs_EO_EA,#53C61A
rs2071303,Other,0.132132008671761,0.867867991328239,SNPs_EO_EA,#53C61A
rs2228570,Other,0.4052874147892,0.5947125852108,SNPs_EO_EA,#53C61A
rs2231137,Other,0.372797816991806,0.627202183008194,SNPs_EO_EA,#53C61A
rs2231142,Other,0.315428346395493,0.684571653604507,SNPs_EO_EA,#53C61A
rs2234693,Other,0.109380520880222,0.890619479119778,SNPs_EO_EA,#53C61A
rs2250889,AD,0.609721124172211,0.390278875827789,SNPs_EO_EA,#53C61A
rs2274700,Other,0.109887696802616,0.890112303197384,SNPs_EO_EA,#53C61A
rs268,AD,0.920759499073029,0.079240500926971,SNPs_EO_EA,#53C61A
rs28730837,Other,0.443084567785263,0.556915432214737,SNPs_EO_EA,#53C61A
rs3208305,Other,0.291471004486084,0.708528995513916,SNPs_EO_EA,#53C61A
rs3211901,AD,0.699975907802582,0.300024092197418,SNPs_EO_EA,#53C61A
rs3211938,AD,0.699975907802582,0.300024092197418,SNPs_EO_EA,#53C61A
rs326,Other,0.240452751517296,0.759547248482704,SNPs_EO_EA,#53C61A
rs328,AD,0.849866390228271,0.150133609771729,SNPs_EO_EA,#53C61A
rs3289,AD,0.880161046981812,0.119838953018188,SNPs_EO_EA,#53C61A
rs34637584,Other,0.422223269939423,0.577776730060577,SNPs_EO_EA,#53C61A
rs34778348,Other,0.422223269939423,0.577776730060577,SNPs_EO_EA,#53C61A
rs35292876,Other,0.388970464468002,0.611029535531998,SNPs_EO_EA,#53C61A
rs35850753,Other,0.400832682847977,0.599167317152023,SNPs_EO_EA,#53C61A
rs35897051,AD,0.515947639942169,0.484052360057831,SNPs_EO_EA,#53C61A
rs3730025,AD,0.59279066324234,0.40720933675766,SNPs_EO_EA,#53C61A
rs3735964,AD,0.740527093410492,0.259472906589508,SNPs_EO_EA,#53C61A
rs3753396,Other,0.180415287613869,0.819584712386131,SNPs_EO_EA,#53C61A
rs3856806,AD,0.54106605052948,0.45893394947052,SNPs_EO_EA,#53C61A
rs4149584,AD,0.550370991230011,0.449629008769989,SNPs_EO_EA,#53C61A
rs4149639,Other,0.266403794288635,0.733596205711365,SNPs_EO_EA,#53C61A
rs41529445,AD,0.751127958297729,0.248872041702271,SNPs_EO_EA,#53C61A
rs4343,Other,0.161935061216354,0.838064938783646,SNPs_EO_EA,#53C61A
rs4362,Other,0.268133997917175,0.731866002082825,SNPs_EO_EA,#53C61A
rs4363,Other,0.268133997917175,0.731866002082825,SNPs_EO_EA,#53C61A
rs4520,Other,0.196337953209877,0.803662046790123,SNPs_EO_EA,#53C61A
rs4950928,Other,0.044687852263451,0.955312147736549,SNPs_EO_EA,#53C61A
rs4986790,Other,0.483293473720551,0.516706526279449,SNPs_EO_EA,#53C61A
rs4986791,Other,0.483293473720551,0.516706526279449,SNPs_EO_EA,#53C61A
rs56378716,AD,0.59279066324234,0.40720933675766,SNPs_EO_EA,#53C61A
rs6136,Other,0.099628128111363,0.900371871888638,SNPs_EO_EA,#53C61A
rs61761991,AD,0.599703073501587,0.400296926498413,SNPs_EO_EA,#53C61A
rs6214,Other,0.273269206285477,0.726730793714523,SNPs_EO_EA,#53C61A
rs6413458,AD,0.749264419078827,0.250735580921173,SNPs_EO_EA,#53C61A
rs662,Other,0.429948836565018,0.570051163434982,SNPs_EO_EA,#53C61A
rs671,AD,0.625715970993042,0.374284029006958,SNPs_EO_EA,#53C61A
rs693,Other,0.044135641306639,0.955864358693361,SNPs_EO_EA,#53C61A
rs705379,Other,0.49314272403717,0.50685727596283,SNPs_EO_EA,#53C61A
rs72653060,AD,0.739415764808655,0.260584235191345,SNPs_EO_EA,#53C61A
rs739837,Other,0.196251556277275,0.803748443722725,SNPs_EO_EA,#53C61A
rs7493,Other,0.484673738479614,0.515326261520386,SNPs_EO_EA,#53C61A
rs75326924,AD,0.699975907802582,0.300024092197418,SNPs_EO_EA,#53C61A
rs76130099,Other,0.358152210712433,0.641847789287567,SNPs_EO_EA,#53C61A
rs76863441,AD,0.723222494125366,0.276777505874634,SNPs_EO_EA,#53C61A
rs78378222,Other,0.472644329071045,0.527355670928955,SNPs_EO_EA,#53C61A
rs800292,Other,0.258235096931458,0.741764903068542,SNPs_EO_EA,#53C61A
rs8176166,Other,0.164664804935455,0.835335195064545,SNPs_EO_EA,#53C61A
rs8176229,AD,0.512484908103943,0.487515091896057,SNPs_EO_EA,#53C61A
rs8176279,Other,0.148447662591934,0.851552337408066,SNPs_EO_EA,#53C61A
rs854560,Other,0.336256951093674,0.663743048906326,SNPs_EO_EA,#53C61A
rs1060743,AD,0.613849580287933,0.386150419712067,SNPs_EO_EA,#53C61A
rs13032148,AD,0.605785191059113,0.394214808940887,SNPs_EO_EA,#53C61A
rs28934576,Other,0.472644329071045,0.527355670928955,SNPs_EO_EA,#53C61A
rs1642785,Other,0.159006491303444,0.840993508696556,SNPs_EO_EA,#53C61A
rs138729528,Other,0.302881926298141,0.697118073701859,SNPs_EO_EA,#53C61A
rs11540654,Other,0.472644329071045,0.527355670928955,SNPs_EO_EA,#53C61A
rs114831472,Other,0.472644329071045,0.527355670928955,SNPs_EO_EA,#53C61A
rs72661116,Other,0.302881926298141,0.697118073701859,SNPs_EO_EA,#53C61A
rs1800899,AD,0.550370991230011,0.449629008769989,SNPs_EO_EA,#53C61A
rs1800371,Other,0.472644329071045,0.527355670928955,SNPs_EO_EA,#53C61A
rs547244762,Other,0.302881926298141,0.697118073701859,SNPs_EO_EA,#53C61A
rs201744589,Other,0.472644329071045,0.527355670928955,SNPs_EO_EA,#53C61A
rs184743157,Other,0.472644329071045,0.527355670928955,SNPs_EO_EA,#53C61A
rs200989844,Other,0.472644329071045,0.527355670928955,SNPs_EO_EA,#53C61A
rs72661120,Other,0.302881926298141,0.697118073701859,SNPs_EO_EA,#53C61A
rs3021068,Other,0.302881926298141,0.697118073701859,SNPs_EO_EA,#53C61A
rs140756213,Other,0.472644329071045,0.527355670928955,SNPs_EO_EA,#53C61A
rs17881470,Other,0.472644329071045,0.527355670928955,SNPs_EO_EA,#53C61A
rs573154688,Other,0.302881926298141,0.697118073701859,SNPs_EO_EA,#53C61A
rs199693249,Other,0.472644329071045,0.527355670928955,SNPs_EO_EA,#53C61A
rs201293647,Other,0.472644329071045,0.527355670928955,SNPs_EO_EA,#53C61A
rs199527475,Other,0.472644329071045,0.527355670928955,SNPs_EO_EA,#53C61A
rs1800372,AD,0.550370991230011,0.449629008769989,SNPs_EO_EA,#53C61A
rs17880172,Other,0.472644329071045,0.527355670928955,SNPs_EO_EA,#53C61A
rs145151284,Other,0.472644329071045,0.527355670928955,SNPs_EO_EA,#53C61A
rs568171603,Other,0.472644329071045,0.527355670928955,SNPs_EO_EA,#53C61A
rs368691910,Other,0.472644329071045,0.527355670928955,SNPs_EO_EA,#53C61A
rs35117667,Other,0.472644329071045,0.527355670928955,SNPs_EO_EA,#53C61A
rs374907737,Other,0.302881926298141,0.697118073701859,SNPs_EO_EA,#53C61A
rs34949160,Other,0.302881926298141,0.697118073701859,SNPs_EO_EA,#53C61A
rs1794287,Other,0.212972179055214,0.787027820944786,SNPs_EO_EA,#53C61A
rs2909430,Other,0.186684146523476,0.813315853476524,SNPs_EO_EA,#53C61A
rs372821099,Other,0.302881926298141,0.697118073701859,SNPs_EO_EA,#53C61A
rs4968187,AD,0.659468293190002,0.340531706809998,SNPs_EO_EA,#53C61A
rs139200646,Other,0.472644329071045,0.527355670928955,SNPs_EO_EA,#53C61A
rs576532147,Other,0.302881926298141,0.697118073701859,SNPs_EO_EA,#53C61A
rs200277687,Other,0.472644329071045,0.527355670928955,SNPs_EO_EA,#53C61A
rs534624315,AD,0.659468293190002,0.340531706809998,SNPs_EO_EA,#53C61A
rs16956880,Other,0.472644329071045,0.527355670928955,SNPs_EO_EA,#53C61A
rs17884306,Other,0.349268108606339,0.650731891393661,SNPs_EO_EA,#53C61A
rs17880604,AD,0.550370991230011,0.449629008769989,SNPs_EO_EA,#53C61A
rs564974117,Other,0.302881926298141,0.697118073701859,SNPs_EO_EA,#53C61A
rs371592265,Other,0.472644329071045,0.527355670928955,SNPs_EO_EA,#53C61A
rs17879353,Other,0.472644329071045,0.527355670928955,SNPs_EO_EA,#53C61A
rs191918079,Other,0.302881926298141,0.697118073701859,SNPs_EO_EA,#53C61A
rs17880847,Other,0.472644329071045,0.527355670928955,SNPs_EO_EA,#53C61A
rs17881366,Other,0.472644329071045,0.527355670928955,SNPs_EO_EA,#53C61A
rs1800370,AD,0.550370991230011,0.449629008769989,SNPs_EO_EA,#53C61A
rs574255227,Other,0.302881926298141,0.697118073701859,SNPs_EO_EA,#53C61A
rs372756865,Other,0.472644329071045,0.527355670928955,SNPs_EO_EA,#53C61A
rs200378797,Other,0.108551636338234,0.891448363661766,SNPs_EO_EA,#53C61A
rs17883782,Other,0.472644329071045,0.527355670928955,SNPs_EO_EA,#53C61A
rs569425726,Other,0.472644329071045,0.527355670928955,SNPs_EO_EA,#53C61A
rs34785536,Other,0.472644329071045,0.527355670928955,SNPs_EO_EA,#53C61A
rs183153328,Other,0.472644329071045,0.527355670928955,SNPs_EO_EA,#53C61A
rs539224556,Other,0.472644329071045,0.527355670928955,SNPs_EO_EA,#53C61A
rs55817367,Other,0.472644329071045,0.527355670928955,SNPs_EO_EA,#53C61A
rs373797299,Other,0.472644329071045,0.527355670928955,SNPs_EO_EA,#53C61A
rs200274944,Other,0.472644329071045,0.527355670928955,SNPs_EO_EA,#53C61A
rs201741778,Other,0.472644329071045,0.527355670928955,SNPs_EO_EA,#53C61A
rs199578278,Other,0.472644329071045,0.527355670928955,SNPs_EO_EA,#53C61A
rs56275308,Other,0.472644329071045,0.527355670928955,SNPs_EO_EA,#53C61A
rs17883323,Other,0.485446125268936,0.514553874731064,SNPs_EO_EA,#53C61A
rs11771145,AD,0.617535471916199,0.382464528083801,positivo,#EE2C06
rs3810950,AD,0.56159245967865,0.43840754032135,positivo,#EE2C06
rs4147929,AD,0.807784676551819,0.192215323448181,positivo,#CFC305
rs2571598,Other,0.386361569166183,0.613638430833817,negativo,#CFC305
rs10432782,Other,0.345561444759369,0.654438555240631,negativo,#CFC305
rs10878441,Other,0.121600650250912,0.878399349749088,negativo,#0635F3
rs12239582,Other,0.104277573525906,0.895722426474094,negativo,#0635F3
rs10936599,Other,0.17172634601593,0.82827365398407,negativo,#0635F3
rs851023,AD,0.5615925,0.4384075,positivo,#EE2C06
