SNP,EUR_MAF,P,riesgo
rs731236,0.39960239,0.225539699196815,0.000160906279843
rs3847987,0.14612326,0.345673710107803,9.01794586279972E-05
rs11168293,0.321073559,0.261908918619156,0.000150133202841
rs2853562,0.444334,0.22853884100914,0.000181297362907
rs10783218,0.04274354,0.632377982139587,4.82579809844099E-05
rs6220,0.2723658,0.338126838207245,0.000164419808277
rs70961704,0.021868787,0.535222589969635,2.08968608120566E-05
rs3032449,0.13817097,0.261262118816376,6.44488498285638E-05
rs6219,0.08747515,0.500288903713226,7.81317382461896E-05
rs5742714,0.08846918,0.500288903713226,7.90195937316488E-05
rs1140655,0.2803181,0.252429306507111,0.000126331843936
rs7955902,0.360835,0.084611319005489,5.45078486958105E-05
rs10784548,0.3300199,0.121600650250912,7.16469893483667E-05
rs10878245,0.4343936,0.211296707391739,0.00016386947705
rs11176013,0.4572565,0.286373287439346,0.000233783745866
rs11564148,0.3170974,0.17684617638588,0.000100117564338
rs10878371,0.4572565,0.286373287439346,0.000233783745866
rs7308720,0.06361829,0.157649457454681,1.79059097865148E-05
rs1365770,0.3300199,0.121600650250912,7.16469893483667E-05
rs7133914,0.06560636,0.157649457454681,1.84654690275645E-05
rs3886747,0.3300199,0.121600650250912,7.16469893483667E-05
rs1427263,0.332008,0.092870399355888,5.50487905460906E-05
rs10878405,0.32306163,0.17684617638588,0.000102000658241
rs1042031,0.21272366,0.102849945425987,3.90608583300539E-05
rs1042522,0.2852883,0.222424283623695,0.000113289088277
rs1049654,0.4592445,0.458938747644424,0.000376288209205
rs1049673,0.4423459,0.590331494808197,0.000466208170324
rs1059611,0.1361829,0.740527093410492,0.000180046818183
rs1061147,0.36182903,0.095691487193108,6.18156773301047E-05
rs1061170,0.36182903,0.053924549371004,3.48346821840322E-05
rs10645926,0.13518887,0.740527093410492,0.000178732615455
rs1065489,0.17693837,0.180415287613869,5.69924434867025E-05
rs13702,0.3200795,0.291471004486084,0.000166561697299
rs1410996,0.4254473,0.087720148265362,6.66295759092335E-05
rs1471786,0.15208748,0.285636901855469,7.75585530084103E-05
rs15285,0.3170974,0.291471004486084,0.00016500988396
rs1625895,0.143141153,0.186684146523476,4.77082921292847E-05
rs16942,0.3548708,0.134707093238831,8.53458976457513E-05
rs17563,0.4502982,0.345673710107803,0.00027789995855
rs1799949,0.3001988,0.134707093238831,7.21973632605933E-05
rs1799990,0.3250497,0.186944395303726,0.000108488608525
rs1800566,0.2107356,0.307719677686691,0.000115775081948
rs1800629,0.13419483,0.399798601865768,9.57853246678978E-05
rs1800693,0.42544732,0.09397891163826,7.13835469393882E-05
rs1803274,0.18588469,0.214437276124954,7.11648967534458E-05
rs1803924,0.13518887,0.740527093410492,0.000178732615455
rs1805017,0.2554672,0.380019843578339,0.000173325851724
rs1997572,0.3966203,0.335510015487671,0.000237575880697
rs2071303,0.3658052,0.132132008671761,8.62938473410462E-05
rs2228570,0.3777336,0.4052874147892,0.00027331952409
rs2231137,0.06063618,0.372797816991806,4.03577656557871E-05
rs2234693,0.4224652,0.109380520880222,8.24997908711616E-05
rs2250889,0.04572565,0.609721124172211,4.9775204111058E-05
rs2274700,0.4234592,0.109887696802616,8.30773363666336E-05
rs3208305,0.3180915,0.291471004486084,0.000165527189765
rs326,0.3270378,0.240452751517296,0.000140394347847
rs328,0.13021869,0.849866390228271,0.000197581326415
rs3735964,0.13518887,0.740527093410492,0.000178732615455
rs3753396,0.17594433,0.180415287613869,5.66722598627462E-05
rs3856806,0.12127237,0.54106605052948,0.000117147781864
rs4343,0.4353877,0.161935061216354,0.000125874849899
rs4362,0.44334,0.268133997917175,0.000212231928637
rs4363,0.4393638,0.268133997917175,0.00021032847622
rs4520,0.2952286,0.196337953209877,0.00010348671623
rs4950928,0.1809145,0.044687852263451,1.4433936121617E-05
rs6214,0.4135189,0.273269206285477,0.000201747415284
rs662,0.2902584,0.429948836565018,0.000222804262523
rs693,0.44234592,0.044135641306639,3.4855666165456E-05
rs705379,0.48707753,0.49314272403717,0.000428837390823
rs739837,0.4463221,0.196251556277275,0.000156380796689
rs7493,0.2485089,0.484673738479614,0.000215037080794
rs800292,0.2604374,0.258235096931458,0.00012007166652
rs8176166,0.16699801,0.164664804935455,4.90946309950757E-05
rs8176279,0.3648111,0.148447662591934,9.66859408856955E-05
rs854560,0.35785288,0.336256951093674,0.000214831374811
rs1060743,0.2912525,0.613849580287933,0.000319193137186
rs13032148,0.304175,0.605785191059113,0.000328975904204
rs1642785,0.2882704,0.159006491303444,8.18345738584064E-05
rs1794287,0.126242545,0.212972179055214,4.80010277050097E-05
rs2909430,0.142147117,0.186684146523476,4.73769844733024E-05
rs17884306,0.05765408,0.349268108606339,3.59509936931893E-05
rs200378797,0.444334,0.108551636338234,8.61128258129356E-05
rs17883323,0.05765408,0.485446125268936,4.99681194987006E-05
rs61754065,0,0.558831989765167,0
rs3858733,0.048707753,0.690580368041992,6.0052935742533E-05
rs2853563,0.050695825,0.690580368041992,6.25040765304796E-05
rs11574138,0.0009940358,0.779299676418304,1.383019940164E-06
rs2229828,0,0.779299676418304,0
rs11574119,0.049701789,0.690580368041992,6.12785061365063E-05
rs7954412,0.0009940358,0.779299676418304,1.383019940164E-06
rs2544043,0.0675944334,0.432396769523621,5.21813478463451E-05
rs112308011,0,0.779299676418304,0
rs11832059,0,0.779299676418304,0
rs2228572,0.0308151093,0.690580368041992,3.79926739525847E-05
rs11168263,0,0.779299676418304,0
rs11574118,0,0.779299676418304,0
rs11574139,0.048707753,0.690580368041992,6.0052935742533E-05
rs11574129,0.016898608,0.773274004459381,2.33295446540664E-05
rs115591719,0.0009940358,0.779299676418304,1.383019940164E-06
rs7967673,0.0009940358,0.779299676418304,1.383019940164E-06
rs2229829,0,0.620373070240021,0
rs6218,0.010934394,0.614445090293884,1.19949852232398E-05
rs6215,0,0.522440969944,0
rs58690284,0,0.702719509601593,0
rs3730193,0.002982107,0.702719509601593,3.7413397945725E-06
rs546755830,0.001988072,0.522440969944,1.85434806719884E-06
rs6222,0.030815109,0.599054217338562,3.29573100987783E-05
rs5742707,0,0.522440969944,0
rs3730192,0.0208747515,0.599054217338562,2.2325920003088E-05
rs5742711,0.001988072,0.522440969944,1.85434806719884E-06
rs5742704,0.030815109,0.599054217338562,3.29573100987783E-05
rs6217,0.010934394,0.614445090293884,1.19949852232398E-05
rs3729846,0,0.522440969944,0
rs5742703,0,0.346546202898026,0
rs149540080,0.0009940358,0.346546202898026,6.15014125244966E-07
rs5742708,0,0.346546202898026,0
rs17884961,0,0.346546202898026,0
rs5742705,0.030815109,0.599054217338562,3.29573100987783E-05
rs3730205,0,0.522440969944,0
rs117058953,0.0238568588,0.599054217338562,2.5515337085271E-05
rs55650342,0.0228628231,0.599054217338562,2.44521981291779E-05
rs553956843,0,0.346546202898026,0
rs3730204,0.015904573,0.535222589969635,1.51977175623044E-05
rs70961706,0,0.522440969944,0
rs17884626,0,0.522440969944,0
rs544965448,0,0.346546202898026,0
rs5742701,0,0.346546202898026,0
rs565327837,0,0.522440969944,0
rs6221,0,0.702719509601593,0
rs34594498,0,0.422223269939423,0
rs12422278,0.022862823,0.304411202669144,1.24254579842865E-05
rs560559629,0,0.261587649583817,0
rs33962975,0.149105368,0.157649457454681,4.19669762908292E-05
rs2256408,0,0.612255871295929,0
rs17490713,0,0.422223269939423,0
rs41286460,0.0009940358,0.261587649583817,4.64238529057028E-07
rs10878307,0.08250497,0.434785276651382,6.40437656644144E-05
rs189460764,0,0.422223269939423,0
rs111503579,0,0.422223269939423,0
rs33958906,0.0377733598,0.499512195587158,3.36863247833583E-05
rs76890302,0,0.422223269939423,0
rs72546319,0,0.422223269939423,0
rs75054132,0,0.422223269939423,0
rs79909111,0,0.422223269939423,0
rs66737902,0.1361829,0.304411202669144,7.40125093969491E-05
rs34410987,0,0.422223269939423,0
rs77018758,0,0.422223269939423,0
rs56082834,0,0.422223269939423,0
rs112643657,0.001988072,0.612255871295929,2.17313640561237E-06
rs7966550,0.129224652,0.22239476442337,5.1308799147789E-05
rs7135747,0,0.422223269939423,0
rs4640000,0,0.422223269939423,0
rs138264225,0,0.422223269939423,0
rs138780308,0,0.422223269939423,0
rs575429866,0,0.422223269939423,0
rs73277568,0,0.422223269939423,0
rs182229935,0,0.422223269939423,0
rs17491835,0,0.612255871295929,0
rs78365431,0,0.612255871295929,0
rs41286466,0.002982107,0.261587649583817,1.3927154003615E-06
rs17491828,0,0.612255871295929,0
rs33995883,0.0168986083,0.499512195587158,1.5070197901235E-05
rs200410756,0.001988072,0.422223269939423,1.49863611313344E-06
rs114948984,0,0.612255871295929,0
rs150050676,0,0.422223269939423,0
rs35507033,0.00695825,0.422223269939423,5.24522488833945E-06
rs200829235,0.0178926441,0.304411202669144,9.72427147305217E-06
rs147956597,0,0.422223269939423,0
rs200678400,0,0.261587649583817,0
rs577327683,0,0.422223269939423,0
rs17466213,0.001988072,0.261587649583817,9.28477244923637E-07
rs11175964,0.064612326,0.157649457454681,1.81856896884982E-05
rs74681492,0,0.422223269939423,0
rs142051987,0,0.422223269939423,0
rs35303786,0.0129224652,0.612255871295929,1.41253835758358E-05
rs17520676,0,0.612255871295929,0
rs113735323,0,0.422223269939423,0
rs202205832,0.0009940358,0.261587649583817,4.64238529057028E-07
rs146103273,0.0009940358,0.612255871295929,1.08656798418871E-06
rs550610903,0,0.422223269939423,0
rs72546327,0,0.422223269939423,0
rs150062967,0,0.261587649583817,0
rs150964683,0,0.422223269939423,0
rs113203253,0,0.515947639942169,0
rs118204057,0,0.843202769756317,0
rs119468010,0.0009940358,0.340679466724396,6.04602452614607E-07
rs13306206,0,0.739415764808655,0
rs138326449,0.0029821074,0.609658062458038,3.24587299048984E-06
rs147210663,0,0.771417558193207,0
rs149133270,0.0029821074,0.515947639942169,2.74695048277251E-06
rs1799807,0.0198807157,0.37013578414917,1.31375689689653E-05
rs1799945,0.171968191,0.159445106983185,4.8953217232382E-05
rs1800562,0.042743539,0.749264419078827,5.71778086263145E-05
rs1800730,0.015904573,0.749264419078827,2.12754641415454E-05
rs1801177,0.010934394,0.920759499073029,1.79747495097669E-05
rs1801282,0.12027833,0.567157983779907,0.000121790484902
rs183117027,0,0.739415764808655,0
rs201753350,0,0.472644329071045,0
rs2231142,0.0944334,0.315428346395493,5.31799917633947E-05
rs268,0.013916501,0.920759499073029,2.28769531743067E-05
rs28730837,0.020874751,0.443084567785263,1.65131470436548E-05
rs3211901,0.0009940358,0.699975907802582,1.24224437327462E-06
rs3211938,0,0.699975907802582,0
rs3289,0.027833002,0.880161046981812,4.37365089970246E-05
rs34637584,0,0.422223269939423,0
rs34778348,0,0.422223269939423,0
rs35292876,0.004970179,0.388970464468002,3.45152144144701E-06
rs35850753,0.0248508946,0.400832682847977,1.77839026789114E-05
rs35897051,0.003976143,0.515947639942169,3.66260045946787E-06
rs3730025,0.016898608,0.59279066324234,1.78843930726657E-05
rs4149584,0.01888668,0.550370991230011,1.85580814881649E-05
rs4149639,0.009940358,0.266403794288635,4.72785721315713E-06
rs41529445,0.0029821074,0.751127958297729,3.99907112260684E-06
rs4986790,0.05666004,0.483293473720551,4.88888394060868E-05
rs4986791,0.057654076,0.483293473720551,4.97465385246873E-05
rs56378716,0.017892644,0.59279066324234,1.89364164436073E-05
rs6136,0.088469185,0.099628128111363,1.57360568945386E-05
rs61761991,0.003976143,0.599703073501587,4.25716212753178E-06
rs6413458,0.026838966,0.749264419078827,3.59023444847691E-05
rs671,0,0.625715970993042,0
rs72653060,0,0.739415764808655,0
rs75326924,0,0.699975907802582,0
rs76130099,0.005964215,0.358152210712433,3.81366768621642E-06
rs76863441,0,0.723222494125366,0
rs78378222,0.012922465,0.472644329071045,1.09043990474316E-05
rs8176229,0.027833002,0.512484908103943,2.54661358520568E-05
rs28934576,0.0009940358,0.472644329071045,8.38799952689594E-07
rs138729528,0,0.302881926298141,0
rs11540654,0,0.472644329071045,0
rs114831472,0,0.472644329071045,0
rs72661116,0,0.302881926298141,0
rs1800899,0.016898608,0.550370991230011,1.66045988125258E-05
rs1800371,0,0.472644329071045,0
rs547244762,0,0.302881926298141,0
rs201744589,0,0.472644329071045,0
rs184743157,0,0.472644329071045,0
rs200989844,0,0.472644329071045,0
rs72661120,0,0.302881926298141,0
rs3021068,0,0.302881926298141,0
rs140756213,0,0.472644329071045,0
rs17881470,0.0009940358,0.472644329071045,8.38799952689594E-07
rs573154688,0,0.302881926298141,0
rs199693249,0.001988072,0.472644329071045,1.67760024291228E-06
rs201293647,0.0009940358,0.472644329071045,8.38799952689594E-07
rs199527475,0.0009940358,0.472644329071045,8.38799952689594E-07
rs1800372,0.016898608,0.550370991230011,1.66045988125258E-05
rs17880172,0,0.472644329071045,0
rs145151284,0,0.472644329071045,0
rs568171603,0,0.472644329071045,0
rs368691910,0,0.472644329071045,0
rs35117667,0,0.472644329071045,0
rs374907737,0,0.302881926298141,0
rs34949160,0.002982107,0.302881926298141,1.61256972153579E-06
rs372821099,0,0.302881926298141,0
rs4968187,0.010934394,0.659468293190002,1.28739126684629E-05
rs139200646,0,0.472644329071045,0
rs576532147,0,0.302881926298141,0
rs200277687,0,0.472644329071045,0
rs534624315,0,0.659468293190002,0
rs16956880,0,0.472644329071045,0
rs17880604,0.01888668,0.550370991230011,1.85580814881649E-05
rs564974117,0,0.302881926298141,0
rs371592265,0.0009940358,0.472644329071045,8.38799952689594E-07
rs17879353,0,0.472644329071045,0
rs191918079,0.001988072,0.302881926298141,1.07504684152283E-06
rs17880847,0.012922465,0.472644329071045,1.09043990474316E-05
rs17881366,0,0.472644329071045,0
rs1800370,0.016898608,0.550370991230011,1.66045988125258E-05
rs574255227,0,0.302881926298141,0
rs372756865,0.0009940358,0.472644329071045,8.38799952689594E-07
rs17883782,0,0.472644329071045,0
rs569425726,0,0.472644329071045,0
rs34785536,0,0.472644329071045,0
rs183153328,0.0009940358,0.472644329071045,8.38799952689594E-07
rs539224556,0,0.472644329071045,0
rs55817367,0,0.472644329071045,0
rs373797299,0,0.472644329071045,0
rs200274944,0,0.472644329071045,0
rs201741778,0,0.472644329071045,0
rs199578278,0,0.472644329071045,0
rs56275308,0,0.472644329071045,0
